{"stats":{"minecraft:used":{"minecraft:iron_axe":28,"minecraft:spruce_slab":1,"minecraft:spruce_planks":26,"minecraft:player_head":2,"minecraft:dirt":5,"minecraft:mutton":2,"minecraft:porkchop":1},"minecraft:picked_up":{"minecraft:cooked_beef":9,"whispers_of_the_wendigo:rifle":5,"minecraft:glow_item_frame":3,"minecraft:leather":12,"whispers_of_the_wendigo:silver_bullet":9,"minecraft:wooden_pickaxe":2,"minecraft:spruce_stairs":2,"minecraft:porkchop":12,"minecraft:spruce_sapling":1,"minecraft:spruce_log":20,"minecraft:red_bed":2,"minecraft:dirt":10,"minecraft:iron_axe":7,"minecraft:bone":2,"minecraft:wheat_seeds":1,"minecraft:spruce_planks":495,"minecraft:stone_pickaxe":1,"minecraft:player_head":2,"minecraft:emerald":3,"minecraft:spruce_slab":6,"minecraft:mutton":2,"minecraft:white_wool":3},"minecraft:killed_by":{"minecraft:player":7},"minecraft:killed":{"minecraft:skeleton":1},"minecraft:dropped":{"minecraft:dirt":1,"minecraft:wheat_seeds":1,"minecraft:player_head":4,"minecraft:spruce_slab":1},"minecraft:broken":{"whispers_of_the_wendigo:rifle":2},"minecraft:crafted":{"minecraft:spruce_planks":8},"minecraft:mined":{"minecraft:spruce_stairs":2,"minecraft:spruce_planks":9,"whispers_of_the_wendigo:lumberjack_body":1,"minecraft:spruce_log":6,"whispers_of_the_wendigo:mangled_pig":1,"minecraft:grass_block":3,"minecraft:dirt":3,"minecraft:spruce_leaves":3,"minecraft:sugar_cane":1,"minecraft:white_wool":1,"minecraft:spruce_slab":1,"minecraft:fern":4},"minecraft:custom":{"minecraft:time_since_rest":1167,"minecraft:sprint_one_cm":96339,"minecraft:damage_taken":4345,"minecraft:walk_one_cm":67303,"minecraft:drop":7,"minecraft:damage_dealt":1751,"minecraft:player_kills":2,"minecraft:fly_one_cm":89169,"minecraft:open_barrel":36,"minecraft:open_chest":5,"minecraft:crouch_one_cm":5463,"minecraft:play_time":36322,"minecraft:deaths":9,"minecraft:sneak_time":2160,"minecraft:jump":461,"minecraft:leave_game":1,"minecraft:time_since_death":5066,"minecraft:total_world_time":36322,"minecraft:sleep_in_bed":2,"minecraft:climb_one_cm":3317,"minecraft:fall_one_cm":28047}},"DataVersion":3120}