{"stats":{"minecraft:used":{"minecraft:iron_axe":38,"minecraft:spruce_slab":1,"minecraft:spruce_planks":41,"minecraft:player_head":3,"man:manfromthefog_spawn_egg":1,"minecraft:dirt":5,"minecraft:mutton":2,"minecraft:porkchop":3},"minecraft:picked_up":{"minecraft:stick":3,"minecraft:cooked_beef":9,"whispers_of_the_wendigo:rifle":5,"minecraft:glow_item_frame":3,"minecraft:leather":18,"whispers_of_the_wendigo:silver_bullet":16,"minecraft:wooden_pickaxe":2,"minecraft:spruce_stairs":3,"minecraft:porkchop":12,"minecraft:spruce_sapling":1,"minecraft:spruce_log":20,"minecraft:red_bed":3,"minecraft:dirt":10,"minecraft:iron_axe":8,"minecraft:bone":2,"minecraft:wheat_seeds":1,"minecraft:spruce_planks":674,"minecraft:stone_pickaxe":2,"minecraft:player_head":2,"minecraft:emerald":3,"minecraft:spruce_slab":8,"minecraft:sugar_cane":4,"minecraft:mutton":2,"minecraft:white_wool":3},"minecraft:killed_by":{"minecraft:player":8},"minecraft:killed":{"minecraft:skeleton":1},"minecraft:dropped":{"minecraft:dirt":1,"minecraft:wheat_seeds":1,"minecraft:player_head":4,"minecraft:spruce_slab":3,"minecraft:spruce_stairs":1},"minecraft:broken":{"whispers_of_the_wendigo:rifle":2},"minecraft:crafted":{"minecraft:spruce_planks":8},"minecraft:mined":{"minecraft:spruce_stairs":2,"minecraft:spruce_planks":18,"minecraft:ice":6,"whispers_of_the_wendigo:lumberjack_body":1,"minecraft:spruce_log":6,"whispers_of_the_wendigo:mangled_pig":1,"minecraft:grass_block":3,"minecraft:dirt":3,"minecraft:spruce_leaves":3,"minecraft:sugar_cane":1,"minecraft:white_wool":1,"minecraft:spruce_slab":1,"minecraft:fern":4},"minecraft:custom":{"minecraft:time_since_rest":4347,"minecraft:sprint_one_cm":134335,"minecraft:damage_taken":4985,"minecraft:walk_one_cm":90772,"minecraft:drop":10,"minecraft:damage_dealt":1773,"minecraft:player_kills":2,"minecraft:fly_one_cm":144629,"minecraft:open_barrel":36,"minecraft:open_chest":7,"minecraft:crouch_one_cm":6846,"minecraft:play_time":48322,"minecraft:deaths":11,"minecraft:sneak_time":2823,"minecraft:walk_under_water_one_cm":2302,"minecraft:jump":697,"minecraft:walk_on_water_one_cm":1651,"minecraft:leave_game":1,"minecraft:time_since_death":4259,"minecraft:total_world_time":48322,"minecraft:sleep_in_bed":2,"minecraft:climb_one_cm":3586,"minecraft:fall_one_cm":33128}},"DataVersion":3120}