{"stats":{"minecraft:used":{"minecraft:spruce_slab":1,"minecraft:spruce_planks":64,"minecraft:wooden_pickaxe":15,"minecraft:player_head":3,"man:manfromthefog_spawn_egg":2,"minecraft:dirt":8,"minecraft:mutton":2,"minecraft:iron_axe":66,"man:manfromthefogback_spawn_egg":1,"minecraft:cobblestone":8,"minecraft:porkchop":3},"minecraft:picked_up":{"minecraft:crafting_table":1,"minecraft:cooked_beef":9,"minecraft:leather":18,"minecraft:wooden_pickaxe":2,"minecraft:oak_log":10,"minecraft:dirt":14,"minecraft:red_bed":3,"minecraft:iron_axe":8,"minecraft:bone":2,"minecraft:apple":6,"minecraft:wheat_seeds":1,"minecraft:spruce_planks":674,"minecraft:stone_pickaxe":2,"minecraft:player_head":2,"minecraft:spruce_slab":8,"minecraft:sugar_cane":18,"minecraft:stick":3,"minecraft:glow_item_frame":3,"whispers_of_the_wendigo:rifle":5,"minecraft:spruce_stairs":3,"whispers_of_the_wendigo:silver_bullet":16,"minecraft:porkchop":12,"minecraft:spruce_sapling":1,"minecraft:spruce_log":31,"minecraft:rotten_flesh":6,"minecraft:emerald":3,"minecraft:oak_sapling":1,"minecraft:mutton":2,"minecraft:white_wool":3,"minecraft:cobblestone":14},"minecraft:killed_by":{"man:managgresive":1,"minecraft:player":8},"minecraft:killed":{"minecraft:skeleton":1},"minecraft:dropped":{"minecraft:wheat_seeds":1,"minecraft:player_head":5,"minecraft:rotten_flesh":6,"minecraft:apple":6,"minecraft:spruce_stairs":1,"minecraft:dirt":1,"minecraft:spruce_planks":21,"minecraft:spruce_slab":3,"minecraft:iron_axe":1},"minecraft:broken":{"whispers_of_the_wendigo:rifle":2},"minecraft:custom":{"minecraft:interact_with_crafting_table":4,"minecraft:open_barrel":43,"minecraft:leave_game":1,"minecraft:time_since_death":10576,"minecraft:sleep_in_bed":2,"minecraft:climb_one_cm":4043,"minecraft:time_since_rest":10607,"minecraft:sprint_one_cm":173520,"minecraft:damage_taken":5565,"minecraft:walk_one_cm":116630,"minecraft:drop":25,"minecraft:damage_dealt":1863,"minecraft:fly_one_cm":199785,"minecraft:player_kills":2,"minecraft:open_chest":8,"minecraft:crouch_one_cm":9691,"minecraft:play_time":60322,"minecraft:deaths":12,"minecraft:sneak_time":4455,"minecraft:walk_under_water_one_cm":2302,"minecraft:jump":964,"minecraft:walk_on_water_one_cm":2795,"minecraft:total_world_time":60322,"minecraft:fall_one_cm":38801},"minecraft:crafted":{"minecraft:oak_planks":40,"minecraft:spruce_planks":52,"minecraft:wooden_pickaxe":1,"minecraft:stick":4,"minecraft:stone_pickaxe":1},"minecraft:mined":{"minecraft:spruce_planks":18,"whispers_of_the_wendigo:lumberjack_body":1,"minecraft:crafting_table":1,"minecraft:grass_block":5,"minecraft:cobblestone":4,"minecraft:spruce_leaves":3,"minecraft:sugar_cane":1,"minecraft:spruce_stairs":2,"minecraft:ice":6,"minecraft:spruce_log":18,"whispers_of_the_wendigo:mangled_pig":1,"minecraft:grass":1,"minecraft:oak_log":12,"minecraft:dirt":6,"minecraft:stone":11,"minecraft:white_wool":1,"minecraft:spruce_slab":1,"minecraft:oak_leaves":3,"minecraft:fern":4}},"DataVersion":3120}