{"stats":{"minecraft:used":{"minecraft:dirt":2,"minecraft:spruce_slab":1,"minecraft:spruce_planks":14,"minecraft:player_head":2},"minecraft:picked_up":{"minecraft:iron_axe":1,"minecraft:bone":2,"minecraft:glow_item_frame":1,"minecraft:wheat_seeds":1,"minecraft:spruce_planks":57,"minecraft:emerald":3,"minecraft:porkchop":4,"minecraft:player_head":1,"minecraft:spruce_slab":2,"minecraft:spruce_log":2,"minecraft:dirt":4},"minecraft:killed_by":{"minecraft:player":4},"minecraft:dropped":{"minecraft:spruce_slab":1,"minecraft:wheat_seeds":1,"minecraft:player_head":2},"minecraft:crafted":{"minecraft:spruce_planks":8},"minecraft:mined":{"minecraft:grass_block":3,"minecraft:spruce_leaves":3,"minecraft:spruce_log":2,"minecraft:sugar_cane":1,"minecraft:spruce_slab":1,"minecraft:fern":4},"minecraft:custom":{"minecraft:open_chest":2,"minecraft:time_since_rest":1688,"minecraft:crouch_one_cm":2332,"minecraft:sprint_one_cm":57583,"minecraft:play_time":24322,"minecraft:deaths":6,"minecraft:damage_taken":2585,"minecraft:walk_one_cm":34439,"minecraft:sneak_time":968,"minecraft:drop":4,"minecraft:jump":251,"minecraft:sleep_in_bed":1,"minecraft:damage_dealt":525,"minecraft:leave_game":1,"minecraft:time_since_death":1663,"minecraft:climb_one_cm":929,"minecraft:total_world_time":24322,"minecraft:fly_one_cm":51330,"minecraft:fall_one_cm":23075,"minecraft:open_barrel":5}},"DataVersion":3120}