{"stats":{"minecraft:used":{"minecraft:spruce_slab":1,"minecraft:stone_pickaxe":19,"minecraft:oak_planks":10,"minecraft:spruce_planks":64,"minecraft:wooden_pickaxe":15,"minecraft:player_head":3,"man:manfromthefog_spawn_egg":2,"minecraft:dirt":11,"minecraft:mutton":2,"minecraft:crafting_table":1,"minecraft:iron_axe":69,"man:manfromthefogback_spawn_egg":1,"minecraft:cobblestone":8,"minecraft:cooked_porkchop":2,"minecraft:furnace":1,"minecraft:porkchop":3},"minecraft:picked_up":{"minecraft:crafting_table":2,"minecraft:cooked_beef":9,"minecraft:leather":18,"minecraft:wooden_pickaxe":2,"minecraft:oak_log":10,"minecraft:dirt":17,"minecraft:red_bed":3,"minecraft:iron_axe":10,"minecraft:bone":2,"minecraft:apple":6,"minecraft:wheat_seeds":1,"minecraft:spruce_planks":738,"minecraft:stone_pickaxe":2,"minecraft:player_head":2,"minecraft:spruce_slab":8,"minecraft:sugar_cane":18,"minecraft:raw_iron":2,"minecraft:stick":3,"minecraft:glow_item_frame":3,"whispers_of_the_wendigo:rifle":5,"minecraft:torch":10,"minecraft:spruce_stairs":3,"whispers_of_the_wendigo:silver_bullet":16,"minecraft:porkchop":16,"minecraft:spruce_sapling":2,"minecraft:spruce_log":31,"minecraft:rotten_flesh":7,"minecraft:emerald":3,"minecraft:oak_sapling":2,"minecraft:mutton":2,"minecraft:coal":2,"minecraft:white_wool":3,"minecraft:cobblestone":31},"minecraft:killed_by":{"man:managgresive":1,"minecraft:player":8},"minecraft:killed":{"minecraft:skeleton":1},"minecraft:dropped":{"minecraft:wheat_seeds":1,"minecraft:player_head":5,"minecraft:cooked_porkchop":16,"minecraft:rotten_flesh":6,"minecraft:apple":6,"minecraft:spruce_stairs":1,"minecraft:dirt":2,"minecraft:spruce_planks":85,"minecraft:oak_sapling":1,"minecraft:spruce_slab":3,"minecraft:iron_axe":1,"minecraft:wooden_pickaxe":1},"minecraft:broken":{"whispers_of_the_wendigo:rifle":2},"minecraft:crafted":{"minecraft:oak_planks":40,"minecraft:cooked_porkchop":2,"minecraft:spruce_planks":52,"minecraft:wooden_pickaxe":1,"minecraft:furnace":1,"minecraft:air":0,"minecraft:shield":1,"minecraft:stick":4,"minecraft:iron_ingot":1,"minecraft:stone_pickaxe":1},"minecraft:mined":{"minecraft:spruce_planks":18,"whispers_of_the_wendigo:lumberjack_body":1,"minecraft:crafting_table":2,"minecraft:grass_block":7,"minecraft:cobblestone":4,"minecraft:spruce_leaves":3,"minecraft:sugar_cane":1,"minecraft:spruce_stairs":2,"minecraft:iron_ore":3,"minecraft:ice":6,"minecraft:spruce_log":18,"whispers_of_the_wendigo:mangled_pig":1,"minecraft:grass":1,"minecraft:coal_ore":3,"minecraft:oak_log":12,"minecraft:dirt":9,"minecraft:stone":23,"minecraft:white_wool":1,"minecraft:spruce_slab":1,"minecraft:oak_leaves":6,"minecraft:fern":4},"minecraft:custom":{"minecraft:interact_with_furnace":13,"minecraft:interact_with_crafting_table":12,"minecraft:open_barrel":43,"minecraft:leave_game":1,"minecraft:time_since_death":22576,"minecraft:sleep_in_bed":2,"minecraft:climb_one_cm":4043,"minecraft:time_since_rest":22607,"minecraft:sprint_one_cm":208170,"minecraft:damage_taken":6166,"minecraft:walk_one_cm":139555,"minecraft:drop":45,"minecraft:damage_dealt":2131,"minecraft:fly_one_cm":256778,"minecraft:player_kills":2,"minecraft:open_chest":8,"minecraft:crouch_one_cm":12058,"minecraft:play_time":72322,"minecraft:deaths":12,"minecraft:sneak_time":5323,"minecraft:walk_under_water_one_cm":2302,"minecraft:jump":1292,"minecraft:walk_on_water_one_cm":2795,"minecraft:total_world_time":72322,"minecraft:fall_one_cm":52647}},"DataVersion":3120}