{"stats":{"minecraft:used":{"minecraft:stone_pickaxe":43,"minecraft:spruce_planks":61,"minecraft:chest":1,"minecraft:player_head":2,"minecraft:glow_item_frame":5,"minecraft:white_wool":1,"minecraft:torch":1,"minecraft:dirt":1,"minecraft:mutton":3,"minecraft:snowball":1,"minecraft:lantern":1,"minecraft:iron_axe":95,"minecraft:cobblestone":10,"minecraft:porkchop":4,"minecraft:cooked_porkchop":5},"minecraft:picked_up":{"minecraft:wheat":3,"minecraft:leather":5,"minecraft:wooden_pickaxe":3,"minecraft:lantern":1,"minecraft:string":3,"minecraft:dirt":2,"minecraft:iron_axe":6,"minecraft:white_carpet":2,"minecraft:bone":15,"minecraft:spruce_planks":189,"minecraft:iron_ingot":3,"minecraft:beef":9,"minecraft:stone_pickaxe":2,"minecraft:player_head":2,"minecraft:chest":2,"minecraft:oak_planks":56,"minecraft:furnace":1,"minecraft:stick":6,"minecraft:raw_iron":7,"minecraft:cooked_porkchop":6,"whispers_of_the_wendigo:rifle":1,"minecraft:glow_item_frame":8,"minecraft:torch":25,"minecraft:dripstone_block":4,"whispers_of_the_wendigo:silver_bullet":4,"minecraft:spruce_stairs":3,"minecraft:porkchop":4,"minecraft:spruce_sapling":1,"minecraft:spruce_log":68,"minecraft:carrot":5,"minecraft:dark_oak_log":5,"minecraft:goat_horn":1,"minecraft:barrel":10,"minecraft:spider_eye":3,"minecraft:arrow":2,"minecraft:rotten_flesh":2,"minecraft:hay_block":3,"minecraft:crossbow":1,"minecraft:oak_sapling":1,"minecraft:coal":45,"minecraft:mutton":10,"minecraft:snowball":2,"minecraft:white_wool":6,"minecraft:cobblestone":22},"minecraft:killed_by":{"minecraft:player":1},"minecraft:killed":{"minecraft:spider":3,"minecraft:sheep":5,"minecraft:skeleton":4,"minecraft:pillager":1,"minecraft:zombie":1,"man:manfromthefogback":1,"minecraft:cow":4},"minecraft:dropped":{"minecraft:rotten_flesh":2,"minecraft:torch":13,"minecraft:chest":1,"minecraft:oak_sapling":1,"minecraft:spider_eye":1,"minecraft:string":2,"minecraft:bone":13},"minecraft:broken":{"whispers_of_the_wendigo:rifle":1},"minecraft:crafted":{"minecraft:furnace":1,"minecraft:air":0,"minecraft:iron_ingot":1},"minecraft:mined":{"whispers_of_the_wendigo:mangled_sheep":1,"minecraft:spruce_planks":6,"minecraft:glass_pane":3,"whispers_of_the_wendigo:mangled_cow":1,"whispers_of_the_wendigo:lumberjack_body":1,"minecraft:torch":2,"whispers_of_the_wendigo:mangled_fox":1,"minecraft:chest":2,"minecraft:tall_grass":2,"minecraft:spruce_leaves":1,"minecraft:oak_planks":4,"whispers_of_the_wendigo:mangled_wolf":1,"minecraft:hay_block":4,"minecraft:spruce_stairs":3,"minecraft:iron_ore":7,"minecraft:barrel":5,"minecraft:ice":3,"minecraft:spruce_log":3,"minecraft:grass":2,"minecraft:coal_ore":21,"minecraft:vine":1,"minecraft:dirt":1,"whispers_of_the_wendigo:bloodysnow":1,"minecraft:stone":15},"minecraft:custom":{"minecraft:interact_with_furnace":4,"minecraft:mob_kills":21,"minecraft:interact_with_crafting_table":1,"minecraft:open_barrel":4,"minecraft:raid_trigger":1,"minecraft:time_since_death":8428,"minecraft:climb_one_cm":1939,"minecraft:time_since_rest":8454,"minecraft:sprint_one_cm":122584,"minecraft:damage_taken":1466,"minecraft:walk_one_cm":85988,"minecraft:drop":11,"minecraft:damage_dealt":4602,"minecraft:swim_one_cm":1037,"minecraft:fly_one_cm":246739,"minecraft:player_kills":5,"minecraft:open_chest":1,"minecraft:crouch_one_cm":2013,"minecraft:play_time":38503,"minecraft:deaths":1,"minecraft:sneak_time":1163,"minecraft:walk_under_water_one_cm":47,"minecraft:jump":1440,"minecraft:walk_on_water_one_cm":1179,"minecraft:total_world_time":38503,"minecraft:fall_one_cm":30419}},"DataVersion":3120}