{"stats":{"minecraft:used":{"minecraft:stone_pickaxe":14,"minecraft:spruce_planks":47,"minecraft:chest":1,"minecraft:player_head":1,"minecraft:white_wool":1,"minecraft:torch":1,"minecraft:mutton":3,"minecraft:lantern":1,"minecraft:iron_axe":65,"minecraft:cobblestone":4,"minecraft:porkchop":4,"minecraft:cooked_porkchop":3},"minecraft:picked_up":{"minecraft:wooden_pickaxe":1,"minecraft:lantern":1,"minecraft:string":2,"minecraft:dirt":1,"minecraft:iron_axe":4,"minecraft:white_carpet":1,"minecraft:bone":13,"minecraft:spruce_planks":125,"minecraft:beef":3,"minecraft:stone_pickaxe":1,"minecraft:player_head":1,"minecraft:chest":1,"minecraft:oak_planks":2,"minecraft:stick":3,"minecraft:raw_iron":7,"minecraft:cooked_porkchop":3,"whispers_of_the_wendigo:rifle":1,"minecraft:glow_item_frame":3,"minecraft:torch":24,"whispers_of_the_wendigo:silver_bullet":4,"minecraft:spruce_stairs":3,"minecraft:porkchop":4,"minecraft:spruce_sapling":1,"minecraft:spruce_log":34,"minecraft:barrel":5,"minecraft:spider_eye":2,"minecraft:rotten_flesh":1,"minecraft:oak_sapling":1,"minecraft:mutton":3,"minecraft:snowball":1,"minecraft:white_wool":1,"minecraft:cobblestone":8},"minecraft:killed":{"minecraft:spider":2,"minecraft:skeleton":3,"minecraft:zombie":1,"man:manfromthefogback":1},"minecraft:dropped":{"minecraft:rotten_flesh":1,"minecraft:torch":13,"minecraft:oak_sapling":1,"minecraft:spider_eye":1,"minecraft:string":2,"minecraft:bone":13},"minecraft:broken":{"whispers_of_the_wendigo:rifle":1},"minecraft:custom":{"minecraft:mob_kills":9,"minecraft:open_barrel":4,"minecraft:time_since_death":26503,"minecraft:climb_one_cm":1939,"minecraft:time_since_rest":26503,"minecraft:sprint_one_cm":86711,"minecraft:damage_taken":693,"minecraft:walk_one_cm":58145,"minecraft:drop":9,"minecraft:damage_dealt":2667,"minecraft:swim_one_cm":1037,"minecraft:fly_one_cm":169295,"minecraft:player_kills":4,"minecraft:open_chest":1,"minecraft:crouch_one_cm":1620,"minecraft:play_time":26503,"minecraft:sneak_time":1060,"minecraft:walk_under_water_one_cm":47,"minecraft:jump":954,"minecraft:walk_on_water_one_cm":1114,"minecraft:total_world_time":26503,"minecraft:fall_one_cm":16963},"minecraft:mined":{"whispers_of_the_wendigo:mangled_sheep":1,"minecraft:spruce_planks":6,"minecraft:glass_pane":3,"whispers_of_the_wendigo:mangled_cow":1,"whispers_of_the_wendigo:lumberjack_body":1,"minecraft:torch":1,"whispers_of_the_wendigo:mangled_fox":1,"minecraft:chest":1,"minecraft:spruce_leaves":1,"minecraft:oak_planks":4,"whispers_of_the_wendigo:mangled_wolf":1,"minecraft:spruce_stairs":3,"minecraft:iron_ore":7,"minecraft:barrel":5,"minecraft:ice":3,"minecraft:spruce_log":3,"minecraft:grass":1,"minecraft:vine":1,"minecraft:dirt":1,"whispers_of_the_wendigo:bloodysnow":1,"minecraft:stone":7}},"DataVersion":3120}