{"stats":{"minecraft:used":{"minecraft:iron_axe":9},"minecraft:picked_up":{"minecraft:iron_axe":1,"minecraft:bone":6,"minecraft:rotten_flesh":1,"minecraft:mutton":3,"minecraft:spider_eye":1,"minecraft:string":2},"minecraft:killed":{"minecraft:skeleton":1,"minecraft:spider":1,"minecraft:zombie":1},"minecraft:dropped":{"minecraft:rotten_flesh":1,"minecraft:spider_eye":1,"minecraft:string":2,"minecraft:bone":2},"minecraft:mined":{"whispers_of_the_wendigo:mangled_sheep":1,"whispers_of_the_wendigo:mangled_fox":1},"minecraft:custom":{"minecraft:open_barrel":2,"minecraft:time_since_rest":2503,"minecraft:crouch_one_cm":240,"minecraft:play_time":2503,"minecraft:sprint_one_cm":6985,"minecraft:damage_taken":60,"minecraft:walk_one_cm":4276,"minecraft:sneak_time":113,"minecraft:mob_kills":4,"minecraft:drop":5,"minecraft:jump":61,"minecraft:damage_dealt":686,"minecraft:time_since_death":2503,"minecraft:total_world_time":2503,"minecraft:climb_one_cm":735,"minecraft:fly_one_cm":8209,"minecraft:fall_one_cm":1432}},"DataVersion":3120}