{"stats":{"minecraft:used":{"minecraft:stone_pickaxe":43,"minecraft:spruce_planks":74,"minecraft:chest":1,"minecraft:iron_sword":20,"minecraft:player_head":2,"minecraft:glow_item_frame":5,"minecraft:white_wool":1,"minecraft:torch":2,"minecraft:dirt":1,"minecraft:mutton":3,"minecraft:white_carpet":1,"minecraft:crafting_table":1,"minecraft:snowball":1,"minecraft:bread":4,"minecraft:lantern":1,"minecraft:iron_axe":98,"minecraft:cobblestone":10,"minecraft:oak_sapling":1,"minecraft:porkchop":4,"minecraft:cooked_porkchop":6},"minecraft:picked_up":{"minecraft:wheat":6,"minecraft:leather":5,"minecraft:wooden_pickaxe":4,"minecraft:shield":1,"minecraft:lantern":1,"minecraft:string":3,"minecraft:dirt":2,"minecraft:iron_axe":8,"minecraft:white_carpet":3,"minecraft:bone":15,"minecraft:spruce_planks":242,"minecraft:iron_ingot":6,"minecraft:beef":9,"minecraft:stone_pickaxe":3,"minecraft:player_head":2,"minecraft:chest":2,"minecraft:oak_planks":110,"minecraft:furnace":2,"minecraft:stick":9,"minecraft:raw_iron":7,"minecraft:cooked_porkchop":6,"whispers_of_the_wendigo:rifle":1,"minecraft:glow_item_frame":8,"minecraft:torch":25,"minecraft:dripstone_block":8,"whispers_of_the_wendigo:silver_bullet":4,"minecraft:spruce_stairs":3,"minecraft:porkchop":8,"minecraft:spruce_sapling":1,"minecraft:spruce_log":102,"minecraft:carrot":10,"minecraft:dark_oak_log":5,"minecraft:goat_horn":2,"minecraft:barrel":20,"minecraft:spider_eye":4,"minecraft:arrow":4,"minecraft:rotten_flesh":2,"minecraft:hay_block":34,"minecraft:crossbow":2,"minecraft:oak_sapling":2,"minecraft:coal":69,"minecraft:mutton":17,"minecraft:snowball":2,"minecraft:white_wool":11,"minecraft:cobblestone":22},"minecraft:killed_by":{"minecraft:player":2},"minecraft:killed":{"minecraft:pig":2,"minecraft:spider":4,"minecraft:sheep":5,"minecraft:skeleton":4,"minecraft:pillager":2,"minecraft:zombie":1,"man:manfromthefogback":1,"minecraft:cow":4},"minecraft:dropped":{"minecraft:rotten_flesh":2,"minecraft:torch":13,"minecraft:chest":1,"minecraft:oak_sapling":1,"minecraft:barrel":10,"minecraft:spider_eye":1,"minecraft:string":2,"minecraft:bone":13},"minecraft:broken":{"whispers_of_the_wendigo:rifle":1},"minecraft:crafted":{"minecraft:crafting_table":1,"minecraft:furnace":1,"minecraft:bread":39,"minecraft:air":0,"minecraft:iron_ingot":1,"minecraft:wheat":180},"minecraft:mined":{"whispers_of_the_wendigo:mangled_sheep":1,"minecraft:spruce_planks":6,"minecraft:glass_pane":3,"whispers_of_the_wendigo:mangled_cow":1,"whispers_of_the_wendigo:lumberjack_body":1,"minecraft:cornflower":1,"minecraft:torch":2,"whispers_of_the_wendigo:mangled_fox":1,"minecraft:chest":2,"minecraft:tall_grass":3,"minecraft:spruce_leaves":1,"minecraft:oak_planks":4,"whispers_of_the_wendigo:mangled_wolf":1,"minecraft:hay_block":27,"minecraft:spruce_stairs":3,"minecraft:iron_ore":7,"minecraft:barrel":5,"minecraft:ice":3,"minecraft:spruce_log":3,"minecraft:grass":6,"minecraft:coal_ore":21,"minecraft:vine":1,"minecraft:dirt":1,"whispers_of_the_wendigo:bloodysnow":1,"minecraft:stone":15,"minecraft:oak_leaves":3},"minecraft:custom":{"minecraft:interact_with_furnace":4,"minecraft:mob_kills":26,"minecraft:interact_with_crafting_table":2,"minecraft:open_barrel":4,"minecraft:raid_trigger":1,"minecraft:bell_ring":8,"minecraft:leave_game":1,"minecraft:time_since_death":8264,"minecraft:climb_one_cm":1939,"minecraft:time_since_rest":8301,"minecraft:sprint_one_cm":162089,"minecraft:damage_taken":2161,"minecraft:walk_one_cm":104113,"minecraft:drop":13,"minecraft:damage_dealt":5630,"minecraft:swim_one_cm":1037,"minecraft:fly_one_cm":329271,"minecraft:player_kills":5,"minecraft:open_chest":2,"minecraft:crouch_one_cm":2036,"minecraft:play_time":47232,"minecraft:deaths":2,"minecraft:sneak_time":1195,"minecraft:walk_under_water_one_cm":257,"minecraft:jump":1819,"minecraft:walk_on_water_one_cm":1457,"minecraft:total_world_time":47232,"minecraft:fall_one_cm":43540}},"DataVersion":3120}