{"stats":{"minecraft:used":{"minecraft:lantern":1,"minecraft:iron_axe":47,"minecraft:chest":1,"minecraft:spruce_planks":11,"minecraft:player_head":1,"minecraft:mutton":3,"minecraft:cooked_porkchop":1,"minecraft:porkchop":2},"minecraft:picked_up":{"minecraft:stick":3,"minecraft:cooked_porkchop":3,"minecraft:glow_item_frame":3,"whispers_of_the_wendigo:rifle":1,"minecraft:torch":23,"minecraft:wooden_pickaxe":1,"minecraft:spruce_stairs":3,"whispers_of_the_wendigo:silver_bullet":4,"minecraft:porkchop":4,"minecraft:spruce_log":18,"minecraft:dirt":1,"minecraft:string":2,"minecraft:spider_eye":2,"minecraft:barrel":5,"minecraft:lantern":1,"minecraft:iron_axe":3,"minecraft:bone":13,"minecraft:rotten_flesh":1,"minecraft:spruce_planks":59,"minecraft:beef":3,"minecraft:player_head":1,"minecraft:chest":1,"minecraft:mutton":3,"minecraft:snowball":1},"minecraft:killed":{"minecraft:skeleton":3,"minecraft:zombie":1,"minecraft:spider":2},"minecraft:dropped":{"minecraft:rotten_flesh":1,"minecraft:spider_eye":1,"minecraft:string":2,"minecraft:bone":13},"minecraft:broken":{"whispers_of_the_wendigo:rifle":1},"minecraft:mined":{"minecraft:spruce_stairs":3,"whispers_of_the_wendigo:mangled_sheep":1,"minecraft:spruce_planks":4,"minecraft:glass_pane":3,"whispers_of_the_wendigo:mangled_cow":1,"minecraft:barrel":5,"whispers_of_the_wendigo:lumberjack_body":1,"minecraft:ice":3,"minecraft:spruce_log":3,"minecraft:vine":1,"whispers_of_the_wendigo:mangled_fox":1,"minecraft:chest":1,"minecraft:dirt":1,"whispers_of_the_wendigo:bloodysnow":1,"minecraft:spruce_leaves":1,"whispers_of_the_wendigo:mangled_wolf":1},"minecraft:custom":{"minecraft:time_since_rest":14503,"minecraft:sprint_one_cm":46039,"minecraft:walk_one_cm":29780,"minecraft:damage_taken":317,"minecraft:mob_kills":7,"minecraft:drop":6,"minecraft:damage_dealt":1741,"minecraft:fly_one_cm":80736,"minecraft:player_kills":2,"minecraft:open_barrel":3,"minecraft:crouch_one_cm":840,"minecraft:play_time":14503,"minecraft:sneak_time":582,"minecraft:jump":433,"minecraft:walk_on_water_one_cm":30,"minecraft:time_since_death":14503,"minecraft:climb_one_cm":1448,"minecraft:total_world_time":14503,"minecraft:fall_one_cm":7850}},"DataVersion":3120}