{"stats":{"minecraft:used":{"minecraft:iron_axe":45,"minecraft:torch":2,"minecraft:cobblestone":3,"minecraft:red_bed":1,"minecraft:cooked_porkchop":1},"minecraft:picked_up":{"minecraft:stick":2,"minecraft:chicken":3,"minecraft:cooked_porkchop":2,"minecraft:glow_item_frame":4,"minecraft:torch":8,"minecraft:wooden_pickaxe":1,"minecraft:spruce_sapling":3,"minecraft:spruce_log":48,"minecraft:spider_eye":1,"minecraft:red_bed":2,"minecraft:iron_axe":9,"minecraft:white_carpet":1,"minecraft:bone":14,"minecraft:rotten_flesh":3,"minecraft:spruce_planks":545,"minecraft:beef":9,"minecraft:emerald":9,"minecraft:sugar_cane":42,"minecraft:chest":4,"minecraft:coal":10,"minecraft:white_wool":3,"minecraft:cobblestone":57},"minecraft:killed_by":{"man:managgresive":1,"minecraft:player":3},"minecraft:dropped":{"minecraft:iron_axe":2},"minecraft:broken":{"whispers_of_the_wendigo:rifle":1},"minecraft:mined":{"whispers_of_the_wendigo:lumberjack_body":1,"minecraft:white_carpet":1,"minecraft:spruce_log":15,"minecraft:vine":1,"minecraft:spruce_leaves":17},"minecraft:crafted":{"minecraft:cooked_porkchop":2,"minecraft:spruce_planks":192,"minecraft:stick":8,"minecraft:chest":4,"minecraft:torch":32,"minecraft:air":0},"minecraft:custom":{"minecraft:time_since_rest":1845,"minecraft:interact_with_furnace":7,"minecraft:sprint_one_cm":75162,"minecraft:damage_taken":1508,"minecraft:walk_one_cm":55985,"minecraft:drop":2,"minecraft:damage_dealt":1046,"minecraft:interact_with_crafting_table":1,"minecraft:fly_one_cm":70568,"minecraft:player_kills":3,"minecraft:open_barrel":10,"minecraft:open_chest":7,"minecraft:crouch_one_cm":2291,"minecraft:play_time":17939,"minecraft:deaths":4,"minecraft:sneak_time":905,"minecraft:walk_under_water_one_cm":4521,"minecraft:jump":273,"minecraft:interact_with_brewingstand":1,"minecraft:leave_game":1,"minecraft:time_since_death":1821,"minecraft:walk_on_water_one_cm":54,"minecraft:sleep_in_bed":1,"minecraft:climb_one_cm":1356,"minecraft:total_world_time":17939,"minecraft:fall_one_cm":4683}},"DataVersion":3120}