{"stats":{"minecraft:used":{"minecraft:stone_pickaxe":49,"minecraft:oak_planks":49,"minecraft:wooden_pickaxe":5,"minecraft:torch":13,"minecraft:mutton":2,"minecraft:crafting_table":3,"minecraft:red_bed":1,"minecraft:iron_axe":97,"minecraft:bread":3,"minecraft:cobblestone":9,"minecraft:beef":1,"minecraft:furnace":1,"minecraft:cooked_porkchop":1},"minecraft:picked_up":{"minecraft:crafting_table":1,"minecraft:splash_potion":2,"minecraft:chicken":4,"minecraft:leather":10,"minecraft:wooden_pickaxe":1,"minecraft:flint":1,"minecraft:oak_log":29,"minecraft:red_bed":4,"minecraft:iron_axe":16,"minecraft:white_carpet":1,"minecraft:bone":26,"minecraft:apple":6,"minecraft:spruce_planks":1205,"minecraft:iron_ingot":1,"minecraft:beef":32,"minecraft:stone_pickaxe":1,"minecraft:sugar_cane":46,"minecraft:chest":16,"minecraft:oak_planks":39,"minecraft:stick":2,"minecraft:raw_iron":30,"minecraft:cooked_porkchop":2,"minecraft:glow_item_frame":10,"minecraft:torch":29,"minecraft:spruce_stairs":6,"whispers_of_the_wendigo:silver_bullet":18,"minecraft:porkchop":17,"minecraft:spruce_sapling":3,"minecraft:spruce_log":48,"minecraft:spider_eye":1,"minecraft:arrow":1,"minecraft:rotten_flesh":3,"minecraft:hay_block":8,"minecraft:golden_apple":3,"minecraft:emerald":18,"minecraft:mutton":2,"minecraft:coal":20,"minecraft:white_wool":5,"minecraft:cobblestone":190},"minecraft:killed_by":{"man:managgresive":1,"minecraft:player":7},"minecraft:killed":{"minecraft:pig":3,"minecraft:sheep":1,"minecraft:zombie":2},"minecraft:dropped":{"minecraft:iron_axe":2},"minecraft:broken":{"whispers_of_the_wendigo:rifle":1},"minecraft:mined":{"whispers_of_the_wendigo:lumberjack_body":1,"minecraft:cobblestone":2,"minecraft:spruce_leaves":17,"minecraft:oak_planks":2,"minecraft:hay_block":8,"minecraft:iron_ore":7,"minecraft:white_carpet":1,"minecraft:spruce_log":15,"minecraft:grass":1,"minecraft:oak_log":29,"minecraft:coal_ore":1,"minecraft:vine":1,"minecraft:gravel":1,"minecraft:stone":43,"minecraft:oak_leaves":1},"minecraft:crafted":{"minecraft:oak_planks":116,"minecraft:cooked_porkchop":2,"minecraft:crafting_table":4,"minecraft:spruce_planks":192,"minecraft:wooden_pickaxe":1,"minecraft:furnace":1,"minecraft:bread":23,"minecraft:air":0,"minecraft:stick":16,"minecraft:iron_ingot":2,"minecraft:stone_pickaxe":1,"minecraft:chest":4,"minecraft:torch":48,"minecraft:wheat":72},"minecraft:custom":{"minecraft:interact_with_furnace":13,"minecraft:mob_kills":6,"minecraft:interact_with_crafting_table":22,"minecraft:open_barrel":10,"minecraft:leave_game":2,"minecraft:time_since_death":7313,"minecraft:sleep_in_bed":1,"minecraft:climb_one_cm":1356,"minecraft:time_since_rest":7346,"minecraft:sprint_one_cm":152929,"minecraft:damage_taken":2677,"minecraft:walk_one_cm":114985,"minecraft:drop":2,"minecraft:damage_dealt":2542,"minecraft:fly_one_cm":141984,"minecraft:player_kills":4,"minecraft:open_chest":7,"minecraft:crouch_one_cm":6921,"minecraft:play_time":41802,"minecraft:deaths":8,"minecraft:sneak_time":3203,"minecraft:walk_under_water_one_cm":4521,"minecraft:jump":806,"minecraft:interact_with_brewingstand":1,"minecraft:walk_on_water_one_cm":54,"minecraft:total_world_time":41802,"minecraft:fall_one_cm":13532}},"DataVersion":3120}