{"stats":{"minecraft:used":{"minecraft:torch":1,"minecraft:cooked_porkchop":1,"minecraft:iron_axe":26},"minecraft:picked_up":{"minecraft:iron_axe":4,"minecraft:chicken":1,"minecraft:bone":4,"minecraft:cooked_porkchop":2,"minecraft:glow_item_frame":1,"minecraft:wooden_pickaxe":1,"minecraft:spruce_planks":67,"minecraft:beef":3,"minecraft:spruce_sapling":1,"minecraft:emerald":3,"minecraft:spruce_log":48,"minecraft:sugar_cane":14,"minecraft:white_wool":1,"minecraft:cobblestone":19,"minecraft:red_bed":1},"minecraft:killed_by":{"minecraft:player":1},"minecraft:dropped":{"minecraft:iron_axe":2},"minecraft:mined":{"minecraft:spruce_log":15},"minecraft:crafted":{"minecraft:torch":24,"minecraft:cooked_porkchop":1,"minecraft:spruce_planks":192,"minecraft:stick":8,"minecraft:air":0},"minecraft:custom":{"minecraft:time_since_rest":6568,"minecraft:crouch_one_cm":827,"minecraft:interact_with_furnace":3,"minecraft:play_time":6949,"minecraft:sprint_one_cm":23502,"minecraft:walk_one_cm":26890,"minecraft:damage_taken":430,"minecraft:deaths":1,"minecraft:sneak_time":264,"minecraft:drop":2,"minecraft:jump":67,"minecraft:damage_dealt":1001,"minecraft:time_since_death":6541,"minecraft:total_world_time":6949,"minecraft:player_kills":2,"minecraft:fall_one_cm":1614,"minecraft:fly_one_cm":9185}},"DataVersion":3120}