{"stats":{"minecraft:used":{"minecraft:iron_axe":83,"minecraft:stone_pickaxe":36,"minecraft:oak_planks":7,"minecraft:wooden_pickaxe":5,"minecraft:torch":2,"minecraft:cobblestone":3,"minecraft:crafting_table":1,"minecraft:red_bed":1,"minecraft:cooked_porkchop":1},"minecraft:picked_up":{"minecraft:stick":2,"minecraft:crafting_table":1,"minecraft:splash_potion":2,"minecraft:chicken":4,"minecraft:cooked_porkchop":2,"minecraft:glow_item_frame":10,"minecraft:torch":22,"minecraft:wooden_pickaxe":1,"whispers_of_the_wendigo:silver_bullet":16,"minecraft:flint":1,"minecraft:porkchop":12,"minecraft:oak_log":29,"minecraft:spruce_sapling":3,"minecraft:spruce_log":48,"minecraft:spider_eye":1,"minecraft:red_bed":4,"minecraft:iron_axe":15,"minecraft:white_carpet":1,"minecraft:arrow":1,"minecraft:bone":26,"minecraft:rotten_flesh":3,"minecraft:apple":6,"minecraft:spruce_planks":1183,"minecraft:beef":15,"minecraft:golden_apple":3,"minecraft:emerald":18,"minecraft:sugar_cane":46,"minecraft:chest":16,"minecraft:oak_planks":4,"minecraft:coal":18,"minecraft:white_wool":4,"minecraft:cobblestone":145},"minecraft:killed_by":{"man:managgresive":1,"minecraft:player":6},"minecraft:dropped":{"minecraft:iron_axe":2},"minecraft:broken":{"whispers_of_the_wendigo:rifle":1},"minecraft:mined":{"whispers_of_the_wendigo:lumberjack_body":1,"minecraft:white_carpet":1,"minecraft:spruce_log":15,"minecraft:coal_ore":1,"minecraft:oak_log":29,"minecraft:vine":1,"minecraft:gravel":1,"minecraft:cobblestone":2,"minecraft:oak_planks":2,"minecraft:spruce_leaves":17,"minecraft:stone":37,"minecraft:oak_leaves":1},"minecraft:crafted":{"minecraft:oak_planks":116,"minecraft:cooked_porkchop":2,"minecraft:crafting_table":2,"minecraft:spruce_planks":192,"minecraft:stick":16,"minecraft:iron_ingot":1,"minecraft:stone_pickaxe":1,"minecraft:wooden_pickaxe":1,"minecraft:chest":4,"minecraft:torch":48,"minecraft:air":0},"minecraft:custom":{"minecraft:time_since_rest":8086,"minecraft:interact_with_furnace":8,"minecraft:sprint_one_cm":124667,"minecraft:damage_taken":2257,"minecraft:walk_one_cm":86424,"minecraft:drop":2,"minecraft:damage_dealt":1567,"minecraft:interact_with_crafting_table":3,"minecraft:fly_one_cm":110482,"minecraft:player_kills":3,"minecraft:open_barrel":10,"minecraft:open_chest":7,"minecraft:crouch_one_cm":4201,"minecraft:play_time":29939,"minecraft:deaths":7,"minecraft:sneak_time":1940,"minecraft:walk_under_water_one_cm":4521,"minecraft:jump":472,"minecraft:interact_with_brewingstand":1,"minecraft:leave_game":1,"minecraft:time_since_death":8053,"minecraft:walk_on_water_one_cm":54,"minecraft:sleep_in_bed":1,"minecraft:climb_one_cm":1356,"minecraft:total_world_time":29939,"minecraft:fall_one_cm":6206}},"DataVersion":3120}