{"stats":{"minecraft:used":{"minecraft:stone_pickaxe":43,"minecraft:spruce_planks":7,"minecraft:wooden_pickaxe":19,"minecraft:player_head":1,"minecraft:white_wool":1,"minecraft:glow_item_frame":1,"minecraft:dirt":4,"minecraft:crafting_table":3,"minecraft:iron_axe":31,"minecraft:spruce_sapling":1,"minecraft:furnace":1,"minecraft:oak_sapling":2,"minecraft:cooked_porkchop":8,"minecraft:cooked_beef":1},"minecraft:picked_up":{"minecraft:crafting_table":2,"minecraft:cooked_beef":9,"minecraft:leather":12,"minecraft:wooden_pickaxe":1,"minecraft:oak_log":2,"minecraft:dirt":6,"minecraft:red_bed":3,"minecraft:iron_axe":2,"minecraft:bone":8,"minecraft:gold_nugget":1,"minecraft:spruce_planks":484,"minecraft:beef":13,"minecraft:stone_pickaxe":2,"minecraft:player_head":2,"minecraft:spruce_slab":4,"minecraft:sugar_cane":26,"minecraft:furnace":1,"minecraft:stick":4,"minecraft:raw_iron":1,"minecraft:cooked_porkchop":3,"whispers_of_the_wendigo:rifle":3,"minecraft:glow_item_frame":1,"whispers_of_the_wendigo:silver_bullet":11,"minecraft:porkchop":28,"minecraft:spruce_sapling":3,"minecraft:spruce_log":10,"minecraft:rotten_flesh":6,"minecraft:emerald":9,"minecraft:oak_sapling":4,"minecraft:mutton":4,"minecraft:coal":33,"minecraft:white_wool":1,"minecraft:cobblestone":53},"minecraft:killed_by":{"minecraft:player":3,"mokey:mokey":1},"minecraft:killed":{"minecraft:pig":2,"minecraft:sheep":1,"minecraft:cow":4},"minecraft:dropped":{"minecraft:cooked_porkchop":1,"minecraft:rotten_flesh":6,"minecraft:iron_axe":1,"minecraft:wooden_pickaxe":3,"minecraft:bone":2},"minecraft:broken":{"whispers_of_the_wendigo:rifle":1},"minecraft:mined":{"minecraft:spruce_planks":10,"minecraft:red_bed":2,"whispers_of_the_wendigo:mangled_cow":1,"whispers_of_the_wendigo:lumberjack_body":1,"minecraft:crafting_table":1,"minecraft:grass_block":6,"minecraft:spruce_leaves":6,"minecraft:sugar_cane":3,"minecraft:furnace":1,"minecraft:iron_ore":1,"minecraft:ice":3,"minecraft:spruce_log":7,"whispers_of_the_wendigo:mangled_pig":1,"minecraft:grass":1,"minecraft:coal_ore":9,"minecraft:stone":43,"whispers_of_the_wendigo:mangled_villager":2,"minecraft:spruce_slab":2,"minecraft:fern":1},"minecraft:custom":{"minecraft:interact_with_furnace":34,"minecraft:mob_kills":7,"minecraft:interact_with_crafting_table":7,"minecraft:open_barrel":24,"minecraft:leave_game":1,"minecraft:time_since_death":6013,"minecraft:sleep_in_bed":1,"minecraft:climb_one_cm":3696,"minecraft:time_since_rest":6036,"minecraft:sprint_one_cm":195526,"minecraft:damage_taken":3944,"minecraft:walk_one_cm":70825,"minecraft:drop":7,"minecraft:damage_dealt":1808,"minecraft:swim_one_cm":9555,"minecraft:fly_one_cm":220864,"minecraft:player_kills":8,"minecraft:open_chest":6,"minecraft:crouch_one_cm":9768,"minecraft:play_time":40885,"minecraft:deaths":5,"minecraft:sneak_time":3924,"minecraft:walk_under_water_one_cm":3558,"minecraft:jump":1146,"minecraft:walk_on_water_one_cm":2601,"minecraft:total_world_time":40885,"minecraft:fall_one_cm":24210},"minecraft:crafted":{"minecraft:cooked_beef":10,"minecraft:oak_planks":8,"minecraft:cooked_porkchop":12,"minecraft:crafting_table":2,"minecraft:spruce_planks":156,"minecraft:wooden_pickaxe":2,"minecraft:furnace":1,"minecraft:air":0,"minecraft:stick":16,"minecraft:stone_pickaxe":2}},"DataVersion":3120}