{"stats":{"minecraft:used":{"minecraft:iron_axe":27,"minecraft:stone_pickaxe":36,"minecraft:wooden_pickaxe":19,"minecraft:spruce_sapling":1,"minecraft:player_head":1,"minecraft:glow_item_frame":1,"minecraft:white_wool":1,"minecraft:dirt":3,"minecraft:crafting_table":2,"minecraft:cooked_porkchop":5,"minecraft:cooked_beef":1},"minecraft:picked_up":{"minecraft:crafting_table":1,"minecraft:cooked_beef":9,"minecraft:cooked_porkchop":2,"whispers_of_the_wendigo:rifle":3,"minecraft:glow_item_frame":1,"minecraft:leather":12,"minecraft:wooden_pickaxe":1,"whispers_of_the_wendigo:silver_bullet":11,"minecraft:porkchop":11,"minecraft:spruce_sapling":3,"minecraft:spruce_log":10,"minecraft:dirt":4,"minecraft:red_bed":3,"minecraft:iron_axe":2,"minecraft:bone":4,"minecraft:rotten_flesh":6,"minecraft:spruce_planks":310,"minecraft:beef":13,"minecraft:stone_pickaxe":1,"minecraft:player_head":2,"minecraft:emerald":3,"minecraft:spruce_slab":4,"minecraft:sugar_cane":14,"minecraft:mutton":4,"minecraft:coal":9,"minecraft:white_wool":1,"minecraft:cobblestone":38},"minecraft:killed_by":{"minecraft:player":3},"minecraft:killed":{"minecraft:sheep":1,"minecraft:pig":2,"minecraft:cow":4},"minecraft:dropped":{"minecraft:rotten_flesh":6,"minecraft:wooden_pickaxe":3,"minecraft:bone":2},"minecraft:broken":{"whispers_of_the_wendigo:rifle":1},"minecraft:mined":{"minecraft:spruce_planks":10,"minecraft:red_bed":2,"whispers_of_the_wendigo:mangled_cow":1,"whispers_of_the_wendigo:lumberjack_body":1,"minecraft:ice":3,"minecraft:spruce_log":7,"minecraft:crafting_table":1,"whispers_of_the_wendigo:mangled_pig":1,"minecraft:grass_block":6,"minecraft:coal_ore":9,"minecraft:sugar_cane":3,"minecraft:spruce_leaves":6,"minecraft:stone":38,"whispers_of_the_wendigo:mangled_villager":1,"minecraft:spruce_slab":2,"minecraft:fern":1},"minecraft:custom":{"minecraft:time_since_rest":7960,"minecraft:interact_with_furnace":27,"minecraft:sprint_one_cm":152734,"minecraft:damage_taken":2633,"minecraft:walk_one_cm":57037,"minecraft:mob_kills":7,"minecraft:drop":5,"minecraft:damage_dealt":1523,"minecraft:interact_with_crafting_table":6,"minecraft:fly_one_cm":171111,"minecraft:player_kills":7,"minecraft:open_barrel":24,"minecraft:open_chest":5,"minecraft:crouch_one_cm":9048,"minecraft:play_time":30105,"minecraft:deaths":4,"minecraft:sneak_time":3440,"minecraft:jump":869,"minecraft:leave_game":1,"minecraft:walk_on_water_one_cm":109,"minecraft:time_since_death":7937,"minecraft:sleep_in_bed":1,"minecraft:total_world_time":30105,"minecraft:climb_one_cm":3406,"minecraft:fall_one_cm":17130},"minecraft:crafted":{"minecraft:cooked_beef":10,"minecraft:cooked_porkchop":9,"minecraft:crafting_table":2,"minecraft:spruce_planks":156,"minecraft:stick":16,"minecraft:wooden_pickaxe":2,"minecraft:stone_pickaxe":2,"minecraft:air":0}},"DataVersion":3120}