{"stats":{"minecraft:used":{"minecraft:iron_axe":17,"minecraft:stone_pickaxe":28,"minecraft:wooden_pickaxe":3,"minecraft:player_head":1,"minecraft:white_wool":1,"minecraft:crafting_table":1,"minecraft:cooked_porkchop":2},"minecraft:picked_up":{"minecraft:glow_item_frame":1,"minecraft:leather":6,"minecraft:wooden_pickaxe":1,"minecraft:porkchop":4,"minecraft:spruce_sapling":1,"minecraft:spruce_log":7,"minecraft:iron_axe":1,"minecraft:bone":2,"minecraft:spruce_planks":58,"minecraft:beef":10,"minecraft:player_head":2,"minecraft:emerald":3,"minecraft:spruce_slab":2,"minecraft:sugar_cane":6,"minecraft:mutton":2,"minecraft:coal":9,"minecraft:white_wool":1,"minecraft:cobblestone":22},"minecraft:killed":{"minecraft:sheep":1,"minecraft:cow":4},"minecraft:dropped":{"minecraft:wooden_pickaxe":1},"minecraft:mined":{"minecraft:spruce_planks":9,"minecraft:spruce_log":7,"minecraft:coal_ore":9,"minecraft:spruce_leaves":4,"minecraft:stone":22,"whispers_of_the_wendigo:mangled_villager":1,"minecraft:spruce_slab":2},"minecraft:custom":{"minecraft:time_since_rest":5581,"minecraft:interact_with_furnace":9,"minecraft:sprint_one_cm":43588,"minecraft:damage_taken":605,"minecraft:walk_one_cm":25372,"minecraft:mob_kills":5,"minecraft:drop":1,"minecraft:damage_dealt":975,"minecraft:interact_with_crafting_table":4,"minecraft:fly_one_cm":34246,"minecraft:player_kills":4,"minecraft:open_barrel":4,"minecraft:open_chest":1,"minecraft:crouch_one_cm":7129,"minecraft:play_time":12858,"minecraft:deaths":1,"minecraft:sneak_time":2518,"minecraft:jump":233,"minecraft:time_since_death":10955,"minecraft:sleep_in_bed":1,"minecraft:total_world_time":12858,"minecraft:climb_one_cm":913,"minecraft:fall_one_cm":4843},"minecraft:crafted":{"minecraft:cooked_beef":1,"minecraft:cooked_porkchop":4,"minecraft:crafting_table":1,"minecraft:spruce_planks":92,"minecraft:stick":8,"minecraft:wooden_pickaxe":1,"minecraft:stone_pickaxe":1,"minecraft:air":0}},"DataVersion":3120}