{"stats":{"minecraft:used":{"minecraft:stone_pickaxe":72,"minecraft:oak_planks":2,"minecraft:spruce_planks":39,"minecraft:wooden_pickaxe":19,"minecraft:player_head":1,"minecraft:white_wool":1,"minecraft:glow_item_frame":1,"minecraft:dirt":9,"minecraft:crafting_table":3,"minecraft:iron_axe":41,"minecraft:spruce_sapling":1,"minecraft:furnace":3,"minecraft:oak_sapling":2,"minecraft:cooked_porkchop":11,"minecraft:cooked_beef":1},"minecraft:picked_up":{"minecraft:crafting_table":2,"minecraft:cooked_beef":9,"minecraft:leather":12,"minecraft:wooden_pickaxe":1,"minecraft:flint":1,"minecraft:oak_log":2,"minecraft:lapis_lazuli":6,"minecraft:dirt":12,"minecraft:red_bed":3,"minecraft:iron_axe":2,"minecraft:bone":10,"minecraft:gold_nugget":2,"minecraft:spruce_planks":594,"minecraft:beef":13,"minecraft:stone_pickaxe":3,"minecraft:player_head":2,"minecraft:spruce_slab":4,"minecraft:sugar_cane":32,"minecraft:oak_planks":8,"minecraft:furnace":4,"minecraft:stick":8,"minecraft:raw_iron":6,"minecraft:cooked_porkchop":31,"whispers_of_the_wendigo:rifle":3,"minecraft:glow_item_frame":1,"whispers_of_the_wendigo:silver_bullet":11,"minecraft:porkchop":35,"minecraft:spruce_sapling":3,"minecraft:spruce_log":10,"minecraft:rotten_flesh":6,"minecraft:emerald":12,"minecraft:oak_sapling":4,"minecraft:mutton":9,"minecraft:coal":56,"minecraft:white_wool":4,"minecraft:cobblestone":64},"minecraft:killed_by":{"man:managgresive":1,"minecraft:player":3,"mokey:mokey":1},"minecraft:killed":{"minecraft:pig":2,"minecraft:sheep":4,"minecraft:cow":4},"minecraft:dropped":{"minecraft:cooked_porkchop":1,"minecraft:rotten_flesh":6,"minecraft:iron_axe":1,"minecraft:wooden_pickaxe":3,"minecraft:bone":2},"minecraft:broken":{"whispers_of_the_wendigo:rifle":1},"minecraft:mined":{"minecraft:spruce_planks":10,"minecraft:red_bed":2,"whispers_of_the_wendigo:mangled_cow":1,"whispers_of_the_wendigo:lumberjack_body":1,"minecraft:crafting_table":1,"minecraft:grass_block":6,"minecraft:spruce_leaves":6,"minecraft:lapis_ore":2,"minecraft:sugar_cane":3,"minecraft:furnace":3,"minecraft:iron_ore":5,"minecraft:ice":3,"minecraft:spruce_log":7,"whispers_of_the_wendigo:mangled_pig":1,"minecraft:grass":5,"minecraft:coal_ore":24,"minecraft:dirt":2,"minecraft:stone":49,"whispers_of_the_wendigo:mangled_villager":2,"minecraft:spruce_slab":2,"minecraft:fern":1},"minecraft:custom":{"minecraft:interact_with_furnace":44,"minecraft:mob_kills":10,"minecraft:interact_with_crafting_table":9,"minecraft:open_barrel":24,"minecraft:leave_game":1,"minecraft:time_since_death":10891,"minecraft:sleep_in_bed":1,"minecraft:climb_one_cm":3696,"minecraft:time_since_rest":10954,"minecraft:sprint_one_cm":241265,"minecraft:damage_taken":4959,"minecraft:walk_one_cm":86364,"minecraft:drop":7,"minecraft:damage_dealt":2404,"minecraft:swim_one_cm":10930,"minecraft:fly_one_cm":290501,"minecraft:player_kills":8,"minecraft:open_chest":6,"minecraft:crouch_one_cm":12577,"minecraft:play_time":52885,"minecraft:deaths":6,"minecraft:sneak_time":5316,"minecraft:walk_under_water_one_cm":3700,"minecraft:jump":1597,"minecraft:walk_on_water_one_cm":2743,"minecraft:total_world_time":52885,"minecraft:fall_one_cm":39984},"minecraft:crafted":{"minecraft:cooked_beef":10,"minecraft:oak_planks":8,"minecraft:cooked_porkchop":12,"minecraft:crafting_table":2,"minecraft:spruce_planks":156,"minecraft:wooden_pickaxe":2,"minecraft:furnace":1,"minecraft:air":0,"minecraft:shield":1,"minecraft:iron_axe":1,"minecraft:stick":16,"minecraft:iron_ingot":4,"minecraft:stone_pickaxe":2}},"DataVersion":3120}