{"stats":{"minecraft:used":{"minecraft:iron_axe":21,"minecraft:stone_pickaxe":36,"minecraft:wooden_pickaxe":3,"minecraft:player_head":1,"minecraft:glow_item_frame":1,"minecraft:white_wool":1,"minecraft:dirt":3,"minecraft:crafting_table":1,"minecraft:cooked_porkchop":3,"minecraft:cooked_beef":1},"minecraft:picked_up":{"minecraft:cooked_beef":9,"minecraft:cooked_porkchop":2,"whispers_of_the_wendigo:rifle":3,"minecraft:glow_item_frame":1,"minecraft:leather":12,"minecraft:wooden_pickaxe":1,"whispers_of_the_wendigo:silver_bullet":11,"minecraft:porkchop":6,"minecraft:spruce_sapling":2,"minecraft:spruce_log":10,"minecraft:dirt":3,"minecraft:red_bed":3,"minecraft:iron_axe":2,"minecraft:bone":2,"minecraft:rotten_flesh":3,"minecraft:spruce_planks":310,"minecraft:beef":13,"minecraft:stone_pickaxe":1,"minecraft:player_head":2,"minecraft:emerald":3,"minecraft:spruce_slab":4,"minecraft:sugar_cane":14,"minecraft:mutton":4,"minecraft:coal":9,"minecraft:white_wool":1,"minecraft:cobblestone":22},"minecraft:killed_by":{"minecraft:player":3},"minecraft:killed":{"minecraft:sheep":1,"minecraft:cow":4},"minecraft:dropped":{"minecraft:wooden_pickaxe":2},"minecraft:broken":{"whispers_of_the_wendigo:rifle":1},"minecraft:mined":{"minecraft:spruce_planks":10,"minecraft:red_bed":2,"whispers_of_the_wendigo:mangled_cow":1,"whispers_of_the_wendigo:lumberjack_body":1,"minecraft:ice":3,"minecraft:spruce_log":7,"minecraft:grass_block":5,"minecraft:coal_ore":9,"minecraft:spruce_leaves":4,"minecraft:stone":22,"whispers_of_the_wendigo:mangled_villager":1,"minecraft:spruce_slab":2,"minecraft:fern":1},"minecraft:custom":{"minecraft:time_since_rest":2713,"minecraft:interact_with_furnace":19,"minecraft:sprint_one_cm":115454,"minecraft:damage_taken":2633,"minecraft:walk_one_cm":50705,"minecraft:mob_kills":5,"minecraft:drop":2,"minecraft:damage_dealt":1323,"minecraft:interact_with_crafting_table":4,"minecraft:fly_one_cm":126681,"minecraft:player_kills":7,"minecraft:open_barrel":24,"minecraft:open_chest":5,"minecraft:crouch_one_cm":8640,"minecraft:play_time":24858,"minecraft:deaths":4,"minecraft:sneak_time":3165,"minecraft:jump":664,"minecraft:walk_on_water_one_cm":46,"minecraft:time_since_death":2690,"minecraft:sleep_in_bed":1,"minecraft:total_world_time":24858,"minecraft:climb_one_cm":3406,"minecraft:fall_one_cm":14293},"minecraft:crafted":{"minecraft:cooked_beef":10,"minecraft:cooked_porkchop":5,"minecraft:crafting_table":1,"minecraft:spruce_planks":92,"minecraft:stick":8,"minecraft:wooden_pickaxe":1,"minecraft:stone_pickaxe":1,"minecraft:air":0}},"DataVersion":3120}